{"loss": [0.47405178480906407], "auc": [0.8150979089313863], "valid_loss": [0.43312349915504456], "valid_auc": [0.848854242226996]}