{"loss": [0.14281204749879423, 0.06981588373336266, 0.05077603004882028], "auc": [0.8988665079550492, 0.9811247545167694, 0.9904084285907013], "valid_loss": [0.08199730515480042, 0.07553935796022415, 0.08251284807920456], "valid_auc": [0.9729384310496192, 0.9782957922196149, 0.9767634575194202]}